{
    "render_type": "cutout",
	"texture_size": [128, 128],
	"textures": {
		"0": "event_assets:block/banner1",
		"particle": "event_assets:block/banner1"
	},
	"elements": [
		{
			"from": [-1.5, -15.5, 5.5],
			"to": [17.5, 28.5, 5.5],
			"rotation": {"angle": 45, "axis": "y", "origin": [8, 18.3, 7.3]},
			"faces": {
				"north": {"uv": [12.75, 0.125, 15.5, 6.5], "texture": "#0"},
				"east": {"uv": [0, 0, 0, 5.5], "texture": "#0"},
				"south": {"uv": [10.0125, 0.125, 12.75, 6.375], "texture": "#0"},
				"west": {"uv": [0, 0, 0, 5.5], "texture": "#0"},
				"up": {"uv": [2.375, 0, 0, 0], "rotation": 180, "texture": "#0"},
				"down": {"uv": [2.375, 0, 0, 0], "rotation": 180, "texture": "#0"}
			}
		},
		{
			"from": [-7, 28.6, 4.6],
			"to": [23, 31.6, 7.6],
			"rotation": {"angle": 45, "axis": "y", "origin": [8, 18.3, 7.3]},
			"faces": {
				"north": {"uv": [5.875, 0, 9.625, 0.375], "texture": "#0"},
				"east": {"uv": [1.875, 6.25, 2.25, 6.625], "texture": "#0"},
				"south": {"uv": [0.375, 5.5, 4.125, 5.875], "texture": "#0"},
				"west": {"uv": [1.5, 6.25, 1.875, 6.625], "texture": "#0"},
				"up": {"uv": [4.125, 6.25, 0.375, 5.875], "rotation": 180, "texture": "#0"},
				"down": {"uv": [9.625, 0.375, 5.875, 0.75], "rotation": 180, "texture": "#0"}
			}
		},
		{
			"from": [-6.5, 21.6, 5.1],
			"to": [-4.5, 28.6, 7.1],
			"rotation": {"angle": 45, "axis": "y", "origin": [8, 18.3, 7.3]},
			"faces": {
				"north": {"uv": [7.125, 3.5, 7.375, 4.375], "texture": "#0"},
				"east": {"uv": [6.875, 3.5, 7.125, 4.375], "texture": "#0"},
				"south": {"uv": [7.625, 3.5, 7.875, 4.375], "texture": "#0"},
				"west": {"uv": [7.375, 3.5, 7.625, 4.375], "texture": "#0"},
				"up": {"uv": [7.375, 3.5, 7.125, 3.25], "texture": "#0"},
				"down": {"uv": [7.625, 3.25, 7.375, 3.5], "texture": "#0"}
			}
		},
		{
			"from": [-1.75, 28.35, 4.35],
			"to": [17.75, 31.85, 7.85],
			"rotation": {"angle": 45, "axis": "y", "origin": [8, 18.3, 7.3]},
			"faces": {
				"north": {"uv": [5.875, 1.125, 8.25, 1.5], "texture": "#0"},
				"east": {"uv": [0.375, 6.25, 0.75, 6.625], "texture": "#0"},
				"south": {"uv": [5.875, 0.75, 8.25, 1.125], "texture": "#0"},
				"west": {"uv": [5.25, 6, 5.625, 6.375], "texture": "#0"},
				"up": {"uv": [8.25, 1.875, 5.875, 1.5], "rotation": 180, "texture": "#0"},
				"down": {"uv": [8.25, 1.875, 5.875, 2.25], "rotation": 180, "texture": "#0"}
			}
		},
		{
			"from": [20.5, 21.6, 5.1],
			"to": [22.5, 28.6, 7.1],
			"rotation": {"angle": 45, "axis": "y", "origin": [8, 18.3, 7.3]},
			"faces": {
				"north": {"uv": [7.375, 3.5, 7.125, 4.375], "texture": "#0"},
				"east": {"uv": [7.625, 3.5, 7.375, 4.375], "texture": "#0"},
				"south": {"uv": [7.875, 3.5, 7.625, 4.375], "texture": "#0"},
				"west": {"uv": [7.125, 3.5, 6.875, 4.375], "texture": "#0"},
				"up": {"uv": [7.125, 3.5, 7.375, 3.25], "texture": "#0"},
				"down": {"uv": [7.375, 3.25, 7.625, 3.5], "texture": "#0"}
			}
		},
		{
			"from": [7, -16, 7.6],
			"to": [10, 31.6, 10.6],
			"rotation": {"angle": 45, "axis": "y", "origin": [8, 18.3, 7.3]},
			"faces": {
				"north": {"uv": [2.125, 7.25, 1.75, 13.25], "texture": "#0"},
				"east": {"uv": [4.75, 0, 5.125, 6], "texture": "#0"},
				"south": {"uv": [5.125, 0, 4.75, 6], "texture": "#0"},
				"west": {"uv": [4.75, 0, 5.125, 6], "texture": "#0"},
				"up": {"uv": [2.625, 6.625, 3, 6.25], "rotation": 180, "texture": "#0"},
				"down": {"uv": [6.25, 2.625, 6.625, 3], "rotation": 180, "texture": "#0"}
			}
		},
		{
			"from": [10, -16, 9.1],
			"to": [12, 31.6, 9.1],
			"rotation": {"angle": 45, "axis": "y", "origin": [8, 18.3, 7.3]},
			"faces": {
				"north": {"uv": [0.75, 6.75, 0.5, 12.7], "texture": "#0"},
				"east": {"uv": [0, 0, 0, 5.95], "texture": "#missing"},
				"south": {"uv": [0.5, 6.75, 0.75, 12.7], "texture": "#0"},
				"west": {"uv": [0, 0, 0, 5.95], "texture": "#missing"},
				"up": {"uv": [0, 0, 0.25, 0], "rotation": 180, "texture": "#missing"},
				"down": {"uv": [0, 0, 0.25, 0], "rotation": 180, "texture": "#missing"}
			}
		},
		{
			"from": [5, -16, 9.1],
			"to": [7, 31.6, 9.1],
			"rotation": {"angle": 45, "axis": "y", "origin": [8, 18.3, 7.3]},
			"faces": {
				"north": {"uv": [0.5, 6.75, 0.75, 12.7], "texture": "#0"},
				"east": {"uv": [0, 0, 0, 5.95], "texture": "#missing"},
				"south": {"uv": [0.75, 6.75, 0.5, 12.7], "texture": "#0"},
				"west": {"uv": [0, 0, 0, 5.95], "texture": "#missing"},
				"up": {"uv": [0.25, 0, 0, 0], "rotation": 180, "texture": "#missing"},
				"down": {"uv": [0.25, 0, 0, 0], "rotation": 180, "texture": "#missing"}
			}
		}
	],
	"groups": [
		{
			"name": "group2",
			"origin": [11, -0.4, 5.5],
			"color": 0,
			"children": [
				{
					"name": "group",
					"origin": [11, -0.4, 5.5],
					"color": 0,
					"children": [0, 1, 2, 3, 4, 5, 6, 7]
				}
			]
		}
	]
}
