{
	"texture_size": [32, 32],
	"textures": {
		"0": "russian_roulette:item/revolver",
		"particle": "russian_roulette:item/revolver"
	},
	"elements": [
		{
			"from": [4, 5, 7],
			"to": [10, 7, 9],
			"rotation": {"angle": 0, "axis": "y", "origin": [7, 5, 7]},
			"faces": {
				"north": {"uv": [0, 0, 5, 1], "texture": "#0"},
				"east": {"uv": [6.5, 5, 7.5, 6], "texture": "#0"},
				"south": {"uv": [0, 1, 5, 2], "texture": "#0"},
				"west": {"uv": [0, 7, 1, 8], "texture": "#0"},
				"up": {"uv": [5, 3, 0, 2], "texture": "#0"},
				"down": {"uv": [5, 3, 0, 4], "texture": "#0"}
			}
		},
		{
			"from": [3.85, 4.75, 6.75],
			"to": [10.35, 7.25, 9.25],
			"rotation": {"angle": 0, "axis": "y", "origin": [3.1, 5, 7]},
			"faces": {
				"north": {"uv": [0, 4, 3, 5], "texture": "#0"},
				"east": {"uv": [1, 7, 2, 8], "texture": "#0"},
				"south": {"uv": [4, 4, 7, 5], "texture": "#0"},
				"west": {"uv": [2, 7, 3, 8], "texture": "#0"},
				"up": {"uv": [3, 6, 0, 5], "texture": "#0"},
				"down": {"uv": [8.5, 0, 5, 1], "texture": "#0"}
			}
		},
		{
			"from": [10.35, 5.75, 7.25],
			"to": [15.85, 7.25, 8.75],
			"rotation": {"angle": 0, "axis": "y", "origin": [10.6, 6, 7.5]},
			"faces": {
				"north": {"uv": [9.5, 15.5, 12, 16], "texture": "#0"},
				"east": {"uv": [9, 15.5, 9.5, 16], "texture": "#0"},
				"south": {"uv": [12.5, 15.5, 15, 16], "texture": "#0"},
				"west": {"uv": [12, 15.5, 12.5, 16], "texture": "#0"},
				"up": {"uv": [12, 15.5, 9.5, 15], "texture": "#0"},
				"down": {"uv": [14.5, 15, 12, 15.5], "texture": "#0"}
			}
		},
		{
			"from": [-1.99, 5.01, 7.01],
			"to": [3.99, 6.99, 8.99],
			"rotation": {"angle": 45, "axis": "z", "origin": [4, 7, 8]},
			"faces": {
				"north": {"uv": [5, 1, 8, 2], "texture": "#0"},
				"east": {"uv": [3, 7, 4, 8], "texture": "#0"},
				"south": {"uv": [5, 2, 8, 3], "texture": "#0"},
				"west": {"uv": [4, 7, 5, 8], "texture": "#0"},
				"up": {"uv": [8, 4, 5, 3], "texture": "#0"},
				"down": {"uv": [6.5, 5, 3.5, 6], "texture": "#0"}
			}
		},
		{
			"from": [-2.25, 4.75, 6.75],
			"to": [4.25, 7.25, 9.25],
			"rotation": {"angle": 45, "axis": "z", "origin": [4, 7, 8]},
			"faces": {
				"north": {"uv": [11.5, 0, 14.5, 1], "texture": "#0"},
				"east": {"uv": [9.5, 6, 10.5, 7], "texture": "#0"},
				"south": {"uv": [11.5, 1, 14.5, 2], "texture": "#0"},
				"west": {"uv": [10.5, 6, 11.5, 7], "texture": "#0"},
				"up": {"uv": [14.5, 3, 11.5, 2], "texture": "#0"},
				"down": {"uv": [13, 4, 10, 5], "texture": "#0"}
			}
		},
		{
			"from": [5, 7, 8],
			"to": [8, 9, 8],
			"rotation": {"angle": 0, "axis": "y", "origin": [5, 7, 6]},
			"faces": {
				"north": {"uv": [4.5, 6, 6, 7], "texture": "#0"},
				"east": {"uv": [0, 0, 0, 1], "texture": "#0"},
				"south": {"uv": [6, 6, 7.5, 7], "texture": "#0"},
				"west": {"uv": [0, 0, 0, 1], "texture": "#0"},
				"up": {"uv": [2, 0, 0, 0], "texture": "#0"},
				"down": {"uv": [2, 0, 0, 0], "texture": "#0"}
			}
		},
		{
			"from": [14, 7, 8],
			"to": [15, 8, 8],
			"rotation": {"angle": 0, "axis": "y", "origin": [12, 7, 6]},
			"faces": {
				"north": {"uv": [7.5, 6.5, 8, 7], "texture": "#0"},
				"east": {"uv": [0, 0, 0, 1], "texture": "#0"},
				"south": {"uv": [7.5, 6.5, 8, 7], "texture": "#0"},
				"west": {"uv": [0, 0, 0, 1], "texture": "#0"},
				"up": {"uv": [2, 0, 0, 0], "texture": "#0"},
				"down": {"uv": [2, 0, 0, 0], "texture": "#0"}
			}
		},
		{
			"from": [3.8, 3, 8],
			"to": [7.8, 5, 8],
			"rotation": {"angle": 0, "axis": "y", "origin": [3.8, 3, 6]},
			"faces": {
				"north": {"uv": [0, 6, 2, 7], "texture": "#0"},
				"east": {"uv": [0, 0, 0, 1], "texture": "#0"},
				"south": {"uv": [2, 6, 4, 7], "texture": "#0"},
				"west": {"uv": [0, 0, 0, 1], "texture": "#0"},
				"up": {"uv": [2, 0, 0, 0], "texture": "#0"},
				"down": {"uv": [2, 0, 0, 0], "texture": "#0"}
			}
		}
	],
	"display": {
		"thirdperson_righthand": {
			"rotation": [-137.06, 89.16, 146.05],
			"translation": [-0.25, 3.75, -4.5],
			"scale": [1.25, 1.25, 1.25]
		},
		"firstperson_righthand": {
			"rotation": [1.88, 84.33, -11.3],
			"translation": [0, 6.75, 0],
			"scale": [1.08, 1.08, 1.08]
		}
	}
}
