{
	"credit": "Made by Mait",
	"texture_size": [8, 8],
	"textures": {
		"2": "./texture",
		"3": "./texture1",
		"particle": "./texture"
	},
	"elements": [
		{
			"from": [7, -1, 8],
			"to": [8, 22, 9],
			"faces": {
				"north": {"uv": [0, 0, 0.5, 12], "texture": "#2"},
				"east": {"uv": [0.5, 0, 1, 12], "texture": "#2"},
				"south": {"uv": [1, 0, 1.5, 12], "texture": "#2"},
				"west": {"uv": [1.5, 0, 2, 12], "texture": "#2"},
				"up": {"uv": [8, 4.5, 7.5, 4], "texture": "#2"},
				"down": {"uv": [8.5, 6, 8, 6.5], "texture": "#2"}
			}
		},
		{
			"from": [6.75, -2, 7.75],
			"to": [8.25, 2, 9.25],
			"faces": {
				"north": {"uv": [5.5, 0, 6.25, 2], "texture": "#2"},
				"east": {"uv": [2, 6, 2.75, 8], "texture": "#2"},
				"south": {"uv": [3, 6, 3.75, 8], "texture": "#2"},
				"west": {"uv": [4, 6, 4.75, 8], "texture": "#2"},
				"up": {"uv": [2.75, 9.75, 2, 9], "texture": "#2"},
				"down": {"uv": [3.75, 9, 3, 9.75], "texture": "#2"}
			}
		},
		{
			"from": [7.25, 21, 8.25],
			"to": [7.75, 28, 8.75],
			"faces": {
				"north": {"uv": [5, 7, 5.25, 10.5], "texture": "#2"},
				"east": {"uv": [5.5, 7, 5.75, 10.5], "texture": "#2"},
				"south": {"uv": [6, 7, 6.25, 10.5], "texture": "#2"},
				"west": {"uv": [6.5, 7, 6.75, 10.5], "texture": "#2"},
				"up": {"uv": [8.75, 13.25, 8.5, 13], "texture": "#2"},
				"down": {"uv": [13.25, 8.5, 13, 8.75], "texture": "#2"}
			}
		},
		{
			"from": [5.75, 21, 7.75],
			"to": [8.75, 24, 9.25],
			"rotation": {"angle": 45, "axis": "z", "origin": [7, 23, 8.5]},
			"faces": {
				"north": {"uv": [5, 3, 6.5, 4.5], "texture": "#2"},
				"east": {"uv": [6.5, 0, 7.25, 1.5], "texture": "#2"},
				"south": {"uv": [5, 4.5, 6.5, 6], "texture": "#2"},
				"west": {"uv": [6.5, 3, 7.25, 4.5], "texture": "#2"},
				"up": {"uv": [8, 5.25, 6.5, 4.5], "texture": "#2"},
				"down": {"uv": [8, 5.5, 6.5, 6.25], "texture": "#2"}
			}
		},
		{
			"from": [6.5, 21.75, 8.25],
			"to": [8, 23.25, 9.75],
			"rotation": {"angle": 45, "axis": "z", "origin": [7, 23, 8.5]},
			"faces": {
				"north": {"uv": [0, 0, 3, 3], "texture": "#3"},
				"east": {"uv": [0, 4, 3, 7], "texture": "#3"},
				"south": {"uv": [4, 0, 7, 3], "texture": "#3"},
				"west": {"uv": [4, 4, 7, 7], "texture": "#3"},
				"up": {"uv": [3, 11, 0, 8], "texture": "#3"},
				"down": {"uv": [11, 0, 8, 3], "texture": "#3"}
			}
		},
		{
			"from": [6.5, 21.75, 7.25],
			"to": [8, 23.25, 8.75],
			"rotation": {"angle": 45, "axis": "z", "origin": [7, 23, 8.5]},
			"faces": {
				"north": {"uv": [0, 0, 3, 3], "texture": "#3"},
				"east": {"uv": [0, 4, 3, 7], "texture": "#3"},
				"south": {"uv": [4, 0, 7, 3], "texture": "#3"},
				"west": {"uv": [4, 4, 7, 7], "texture": "#3"},
				"up": {"uv": [3, 11, 0, 8], "texture": "#3"},
				"down": {"uv": [11, 0, 8, 3], "texture": "#3"}
			}
		},
		{
			"from": [5, 21.5, 8.25],
			"to": [11.5, 24.5, 8.75],
			"faces": {
				"north": {"uv": [2, 0, 5.25, 1.5], "texture": "#2"},
				"east": {"uv": [4, 9.5, 4.25, 11], "texture": "#2"},
				"south": {"uv": [2, 1.5, 5.25, 3], "texture": "#2"},
				"west": {"uv": [4.5, 9.5, 4.75, 11], "texture": "#2"},
				"up": {"uv": [10.25, 7.25, 7, 7], "texture": "#2"},
				"down": {"uv": [10.75, 0, 7.5, 0.25], "texture": "#2"}
			}
		},
		{
			"from": [11.5, 20.5, 8.36],
			"to": [14.5, 26, 8.61],
			"faces": {
				"north": {"uv": [2, 3, 3.5, 5.75], "texture": "#2"},
				"east": {"uv": [7, 7.5, 7.25, 10.25], "texture": "#2"},
				"south": {"uv": [3.5, 3, 5, 5.75], "texture": "#2"},
				"west": {"uv": [7.5, 7.5, 7.75, 10.25], "texture": "#2"},
				"up": {"uv": [11, 6.25, 9.5, 6], "texture": "#2"},
				"down": {"uv": [11, 6.5, 9.5, 6.75], "texture": "#2"}
			}
		},
		{
			"from": [10, 27, 8.36],
			"to": [13.5, 28, 8.61],
			"faces": {
				"north": {"uv": [7, 2, 8.75, 2.5], "texture": "#2"},
				"east": {"uv": [8.5, 1.5, 8.75, 2], "texture": "#2"},
				"south": {"uv": [7, 2.5, 8.75, 3], "texture": "#2"},
				"west": {"uv": [10, 11.5, 10.25, 12], "texture": "#2"},
				"up": {"uv": [10.75, 7.75, 9, 7.5], "texture": "#2"},
				"down": {"uv": [10.75, 8, 9, 8.25], "texture": "#2"}
			}
		},
		{
			"from": [9.5, 28, 8.36],
			"to": [13, 28.5, 8.61],
			"faces": {
				"north": {"uv": [9, 8.5, 10.75, 8.75], "texture": "#2"},
				"east": {"uv": [12.5, 1, 12.75, 1.25], "texture": "#2"},
				"south": {"uv": [9, 9, 10.75, 9.25], "texture": "#2"},
				"west": {"uv": [1.5, 12.5, 1.75, 12.75], "texture": "#2"},
				"up": {"uv": [11.25, 3.25, 9.5, 3], "texture": "#2"},
				"down": {"uv": [11.25, 3.5, 9.5, 3.75], "texture": "#2"}
			}
		},
		{
			"from": [9.5, 29, 8.36],
			"to": [11, 29.5, 8.61],
			"faces": {
				"north": {"uv": [6, 11, 6.75, 11.25], "texture": "#2"},
				"east": {"uv": [12.5, 1.5, 12.75, 1.75], "texture": "#2"},
				"south": {"uv": [11, 6, 11.75, 6.25], "texture": "#2"},
				"west": {"uv": [2, 12.5, 2.25, 12.75], "texture": "#2"},
				"up": {"uv": [11.75, 6.75, 11, 6.5], "texture": "#2"},
				"down": {"uv": [7.75, 11, 7, 11.25], "texture": "#2"}
			}
		},
		{
			"from": [11, 24.5, 8.36],
			"to": [11.5, 26, 8.61],
			"faces": {
				"north": {"uv": [3, 10.5, 3.25, 11.25], "texture": "#2"},
				"east": {"uv": [11, 7.5, 11.25, 8.25], "texture": "#2"},
				"south": {"uv": [11, 8.5, 11.25, 9.25], "texture": "#2"},
				"west": {"uv": [9.5, 11, 9.75, 11.75], "texture": "#2"},
				"up": {"uv": [12.75, 2.25, 12.5, 2], "texture": "#2"},
				"down": {"uv": [2.75, 12.5, 2.5, 12.75], "texture": "#2"}
			}
		},
		{
			"from": [11, 20.5, 8.36],
			"to": [11.5, 21.5, 8.61],
			"faces": {
				"north": {"uv": [11.5, 10, 11.75, 10.5], "texture": "#2"},
				"east": {"uv": [10.5, 11.5, 10.75, 12], "texture": "#2"},
				"south": {"uv": [11.5, 10.5, 11.75, 11], "texture": "#2"},
				"west": {"uv": [11, 11.5, 11.25, 12], "texture": "#2"},
				"up": {"uv": [12.75, 2.75, 12.5, 2.5], "texture": "#2"},
				"down": {"uv": [3.25, 12.5, 3, 12.75], "texture": "#2"}
			}
		},
		{
			"from": [10.5, 25.5, 8.36],
			"to": [11, 26, 8.61],
			"faces": {
				"north": {"uv": [12.5, 3, 12.75, 3.25], "texture": "#2"},
				"east": {"uv": [3.5, 12.5, 3.75, 12.75], "texture": "#2"},
				"south": {"uv": [12.5, 3.5, 12.75, 3.75], "texture": "#2"},
				"west": {"uv": [4, 12.5, 4.25, 12.75], "texture": "#2"},
				"up": {"uv": [12.75, 4.25, 12.5, 4], "texture": "#2"},
				"down": {"uv": [4.75, 12.5, 4.5, 12.75], "texture": "#2"}
			}
		},
		{
			"from": [4, 26.5, 8.36],
			"to": [4.5, 27, 8.61],
			"faces": {
				"north": {"uv": [12.5, 4.5, 12.75, 4.75], "texture": "#2"},
				"east": {"uv": [5, 12.5, 5.25, 12.75], "texture": "#2"},
				"south": {"uv": [12.5, 5, 12.75, 5.25], "texture": "#2"},
				"west": {"uv": [5.5, 12.5, 5.75, 12.75], "texture": "#2"},
				"up": {"uv": [12.75, 5.75, 12.5, 5.5], "texture": "#2"},
				"down": {"uv": [6.25, 12.5, 6, 12.75], "texture": "#2"}
			}
		},
		{
			"from": [3.5, 26, 8.36],
			"to": [4.5, 26.5, 8.61],
			"faces": {
				"north": {"uv": [11.5, 11.5, 12, 11.75], "texture": "#2"},
				"east": {"uv": [12.5, 6, 12.75, 6.25], "texture": "#2"},
				"south": {"uv": [0, 12, 0.5, 12.25], "texture": "#2"},
				"west": {"uv": [6.5, 12.5, 6.75, 12.75], "texture": "#2"},
				"up": {"uv": [12.5, 0.25, 12, 0], "texture": "#2"},
				"down": {"uv": [1, 12, 0.5, 12.25], "texture": "#2"}
			}
		},
		{
			"from": [3.5, 25.5, 8.36],
			"to": [5, 26, 8.61],
			"faces": {
				"north": {"uv": [11, 9.5, 11.75, 9.75], "texture": "#2"},
				"east": {"uv": [12.5, 6.5, 12.75, 6.75], "texture": "#2"},
				"south": {"uv": [10, 11, 10.75, 11.25], "texture": "#2"},
				"west": {"uv": [7, 12.5, 7.25, 12.75], "texture": "#2"},
				"up": {"uv": [11.75, 11.25, 11, 11], "texture": "#2"},
				"down": {"uv": [12.25, 0.5, 11.5, 0.75], "texture": "#2"}
			}
		},
		{
			"from": [2.5, 23.5, 8.36],
			"to": [4.5, 24, 8.61],
			"faces": {
				"north": {"uv": [9.5, 10, 10.5, 10.25], "texture": "#2"},
				"east": {"uv": [12.5, 7, 12.75, 7.25], "texture": "#2"},
				"south": {"uv": [10, 9.5, 11, 9.75], "texture": "#2"},
				"west": {"uv": [7.5, 12.5, 7.75, 12.75], "texture": "#2"},
				"up": {"uv": [3, 10.75, 2, 10.5], "texture": "#2"},
				"down": {"uv": [6, 10.5, 5, 10.75], "texture": "#2"}
			}
		},
		{
			"from": [2.5, 23, 8.36],
			"to": [4, 23.5, 8.61],
			"faces": {
				"north": {"uv": [11.5, 1, 12.25, 1.25], "texture": "#2"},
				"east": {"uv": [12.5, 7.5, 12.75, 7.75], "texture": "#2"},
				"south": {"uv": [11.5, 1.5, 12.25, 1.75], "texture": "#2"},
				"west": {"uv": [8, 12.5, 8.25, 12.75], "texture": "#2"},
				"up": {"uv": [2.75, 11.75, 2, 11.5], "texture": "#2"},
				"down": {"uv": [12.25, 2, 11.5, 2.25], "texture": "#2"}
			}
		},
		{
			"from": [3, 21.5, 8.36],
			"to": [5, 22, 8.61],
			"faces": {
				"north": {"uv": [6, 10.5, 7, 10.75], "texture": "#2"},
				"east": {"uv": [12.5, 8, 12.75, 8.25], "texture": "#2"},
				"south": {"uv": [7, 10.5, 8, 10.75], "texture": "#2"},
				"west": {"uv": [8.5, 12.5, 8.75, 12.75], "texture": "#2"},
				"up": {"uv": [11.5, 7.25, 10.5, 7], "texture": "#2"},
				"down": {"uv": [10.5, 10.5, 9.5, 10.75], "texture": "#2"}
			}
		},
		{
			"from": [3, 22, 8.36],
			"to": [4.5, 22.5, 8.61],
			"faces": {
				"north": {"uv": [11.5, 2.5, 12.25, 2.75], "texture": "#2"},
				"east": {"uv": [12.5, 8.5, 12.75, 8.75], "texture": "#2"},
				"south": {"uv": [3, 11.5, 3.75, 11.75], "texture": "#2"},
				"west": {"uv": [9, 12.5, 9.25, 12.75], "texture": "#2"},
				"up": {"uv": [12.25, 3.25, 11.5, 3], "texture": "#2"},
				"down": {"uv": [12.25, 3.5, 11.5, 3.75], "texture": "#2"}
			}
		},
		{
			"from": [3.5, 20.5, 8.36],
			"to": [5, 21.5, 8.61],
			"faces": {
				"north": {"uv": [8, 9.5, 8.75, 10], "texture": "#2"},
				"east": {"uv": [1, 12, 1.25, 12.5], "texture": "#2"},
				"south": {"uv": [9, 9.5, 9.75, 10], "texture": "#2"},
				"west": {"uv": [1.5, 12, 1.75, 12.5], "texture": "#2"},
				"up": {"uv": [4.75, 11.75, 4, 11.5], "texture": "#2"},
				"down": {"uv": [5.75, 11.5, 5, 11.75], "texture": "#2"}
			}
		},
		{
			"from": [4, 19.5, 8.36],
			"to": [4.5, 20.5, 8.61],
			"faces": {
				"north": {"uv": [2, 12, 2.25, 12.5], "texture": "#2"},
				"east": {"uv": [2.5, 12, 2.75, 12.5], "texture": "#2"},
				"south": {"uv": [3, 12, 3.25, 12.5], "texture": "#2"},
				"west": {"uv": [3.5, 12, 3.75, 12.5], "texture": "#2"},
				"up": {"uv": [12.75, 9.25, 12.5, 9], "texture": "#2"},
				"down": {"uv": [9.75, 12.5, 9.5, 12.75], "texture": "#2"}
			}
		},
		{
			"from": [3, 22.5, 8.36],
			"to": [4, 23, 8.61],
			"faces": {
				"north": {"uv": [4, 12, 4.5, 12.25], "texture": "#2"},
				"east": {"uv": [12.5, 9.5, 12.75, 9.75], "texture": "#2"},
				"south": {"uv": [12, 4, 12.5, 4.25], "texture": "#2"},
				"west": {"uv": [10, 12.5, 10.25, 12.75], "texture": "#2"},
				"up": {"uv": [5, 12.25, 4.5, 12], "texture": "#2"},
				"down": {"uv": [12.5, 4.5, 12, 4.75], "texture": "#2"}
			}
		},
		{
			"from": [3, 24, 8.36],
			"to": [4.5, 24.5, 8.61],
			"faces": {
				"north": {"uv": [11.5, 5, 12.25, 5.25], "texture": "#2"},
				"east": {"uv": [12.5, 10, 12.75, 10.25], "texture": "#2"},
				"south": {"uv": [11.5, 5.5, 12.25, 5.75], "texture": "#2"},
				"west": {"uv": [10.5, 12.5, 10.75, 12.75], "texture": "#2"},
				"up": {"uv": [6.75, 11.75, 6, 11.5], "texture": "#2"},
				"down": {"uv": [7.75, 11.5, 7, 11.75], "texture": "#2"}
			}
		},
		{
			"from": [3, 24.5, 8.36],
			"to": [5, 25.5, 8.61],
			"faces": {
				"north": {"uv": [9, 2.5, 10, 3], "texture": "#2"},
				"east": {"uv": [5, 12, 5.25, 12.5], "texture": "#2"},
				"south": {"uv": [4, 9, 5, 9.5], "texture": "#2"},
				"west": {"uv": [5.5, 12, 5.75, 12.5], "texture": "#2"},
				"up": {"uv": [11.5, 10.25, 10.5, 10], "texture": "#2"},
				"down": {"uv": [11.5, 10.5, 10.5, 10.75], "texture": "#2"}
			}
		},
		{
			"from": [9.5, 28.5, 8.36],
			"to": [12, 29, 8.61],
			"faces": {
				"north": {"uv": [10, 1.5, 11.25, 1.75], "texture": "#2"},
				"east": {"uv": [12.5, 10.5, 12.75, 10.75], "texture": "#2"},
				"south": {"uv": [2, 10, 3.25, 10.25], "texture": "#2"},
				"west": {"uv": [11, 12.5, 11.25, 12.75], "texture": "#2"},
				"up": {"uv": [11.25, 2.25, 10, 2], "texture": "#2"},
				"down": {"uv": [11.25, 2.5, 10, 2.75], "texture": "#2"}
			}
		},
		{
			"from": [10, 26, 8.36],
			"to": [14, 27, 8.61],
			"faces": {
				"north": {"uv": [6.5, 1.5, 8.5, 2], "texture": "#2"},
				"east": {"uv": [6, 12, 6.25, 12.5], "texture": "#2"},
				"south": {"uv": [6.5, 6.5, 8.5, 7], "texture": "#2"},
				"west": {"uv": [12, 6, 12.25, 6.5], "texture": "#2"},
				"up": {"uv": [11, 4.25, 9, 4], "texture": "#2"},
				"down": {"uv": [11, 4.5, 9, 4.75], "texture": "#2"}
			}
		},
		{
			"from": [11, 19, 8.36],
			"to": [14, 20.5, 8.61],
			"faces": {
				"north": {"uv": [5.5, 2, 7, 2.75], "texture": "#2"},
				"east": {"uv": [11.5, 7, 11.75, 7.75], "texture": "#2"},
				"south": {"uv": [5, 6, 6.5, 6.75], "texture": "#2"},
				"west": {"uv": [8, 11.5, 8.25, 12.25], "texture": "#2"},
				"up": {"uv": [11.5, 0.75, 10, 0.5], "texture": "#2"},
				"down": {"uv": [11.5, 1, 10, 1.25], "texture": "#2"}
			}
		},
		{
			"from": [11, 18, 8.36],
			"to": [13.5, 19, 8.61],
			"faces": {
				"north": {"uv": [7.5, 0.5, 8.75, 1], "texture": "#2"},
				"east": {"uv": [6.5, 12, 6.75, 12.5], "texture": "#2"},
				"south": {"uv": [7.5, 1, 8.75, 1.5], "texture": "#2"},
				"west": {"uv": [12, 6.5, 12.25, 7], "texture": "#2"},
				"up": {"uv": [11.25, 5.25, 10, 5], "texture": "#2"},
				"down": {"uv": [11.25, 5.5, 10, 5.75], "texture": "#2"}
			}
		},
		{
			"from": [10.5, 17, 8.36],
			"to": [12, 17.5, 8.61],
			"faces": {
				"north": {"uv": [11.5, 8, 12.25, 8.25], "texture": "#2"},
				"east": {"uv": [12.5, 11, 12.75, 11.25], "texture": "#2"},
				"south": {"uv": [8.5, 11.5, 9.25, 11.75], "texture": "#2"},
				"west": {"uv": [11.5, 12.5, 11.75, 12.75], "texture": "#2"},
				"up": {"uv": [12.25, 8.75, 11.5, 8.5], "texture": "#2"},
				"down": {"uv": [12.25, 9, 11.5, 9.25], "texture": "#2"}
			}
		},
		{
			"from": [10.5, 17.5, 8.36],
			"to": [11, 18, 8.61],
			"faces": {
				"north": {"uv": [12.5, 11.5, 12.75, 11.75], "texture": "#2"},
				"east": {"uv": [12, 12.5, 12.25, 12.75], "texture": "#2"},
				"south": {"uv": [12.5, 12, 12.75, 12.25], "texture": "#2"},
				"west": {"uv": [12.5, 12.5, 12.75, 12.75], "texture": "#2"},
				"up": {"uv": [0.25, 13.25, 0, 13], "texture": "#2"},
				"down": {"uv": [13.25, 0, 13, 0.25], "texture": "#2"}
			}
		},
		{
			"from": [11, 17.5, 8.36],
			"to": [13, 18, 8.61],
			"faces": {
				"north": {"uv": [11, 0, 12, 0.25], "texture": "#2"},
				"east": {"uv": [0.5, 13, 0.75, 13.25], "texture": "#2"},
				"south": {"uv": [2, 11, 3, 11.25], "texture": "#2"},
				"west": {"uv": [13, 0.5, 13.25, 0.75], "texture": "#2"},
				"up": {"uv": [5, 11.25, 4, 11], "texture": "#2"},
				"down": {"uv": [12, 4, 11, 4.25], "texture": "#2"}
			}
		},
		{
			"from": [9, 24.5, 8.25],
			"to": [11, 25.5, 8.75],
			"faces": {
				"north": {"uv": [9, 5, 10, 5.5], "texture": "#2"},
				"east": {"uv": [7, 12, 7.25, 12.5], "texture": "#2"},
				"south": {"uv": [9, 5.5, 10, 6], "texture": "#2"},
				"west": {"uv": [12, 7, 12.25, 7.5], "texture": "#2"},
				"up": {"uv": [12, 4.75, 11, 4.5], "texture": "#2"},
				"down": {"uv": [6, 11, 5, 11.25], "texture": "#2"}
			}
		},
		{
			"from": [9.5, 25.5, 8.25],
			"to": [10.5, 26, 8.75],
			"faces": {
				"north": {"uv": [7.5, 12, 8, 12.25], "texture": "#2"},
				"east": {"uv": [1, 13, 1.25, 13.25], "texture": "#2"},
				"south": {"uv": [12, 7.5, 12.5, 7.75], "texture": "#2"},
				"west": {"uv": [13, 1, 13.25, 1.25], "texture": "#2"},
				"up": {"uv": [9, 12.25, 8.5, 12], "texture": "#2"},
				"down": {"uv": [9.5, 12, 9, 12.25], "texture": "#2"}
			}
		},
		{
			"from": [10, 21, 8.25],
			"to": [11, 21.5, 8.75],
			"faces": {
				"north": {"uv": [9.5, 12, 10, 12.25], "texture": "#2"},
				"east": {"uv": [1.5, 13, 1.75, 13.25], "texture": "#2"},
				"south": {"uv": [12, 9.5, 12.5, 9.75], "texture": "#2"},
				"west": {"uv": [13, 1.5, 13.25, 1.75], "texture": "#2"},
				"up": {"uv": [10.5, 12.25, 10, 12], "texture": "#2"},
				"down": {"uv": [12.5, 10, 12, 10.25], "texture": "#2"}
			}
		},
		{
			"from": [10.5, 20, 8.25],
			"to": [11, 21, 8.75],
			"faces": {
				"north": {"uv": [10.5, 12, 10.75, 12.5], "texture": "#2"},
				"east": {"uv": [12, 10.5, 12.25, 11], "texture": "#2"},
				"south": {"uv": [11, 12, 11.25, 12.5], "texture": "#2"},
				"west": {"uv": [12, 11, 12.25, 11.5], "texture": "#2"},
				"up": {"uv": [2.25, 13.25, 2, 13], "texture": "#2"},
				"down": {"uv": [13.25, 2, 13, 2.25], "texture": "#2"}
			}
		},
		{
			"from": [8, 21, 8.25],
			"to": [8.5, 21.5, 8.75],
			"faces": {
				"north": {"uv": [2.5, 13, 2.75, 13.25], "texture": "#2"},
				"east": {"uv": [13, 2.5, 13.25, 2.75], "texture": "#2"},
				"south": {"uv": [3, 13, 3.25, 13.25], "texture": "#2"},
				"west": {"uv": [13, 3, 13.25, 3.25], "texture": "#2"},
				"up": {"uv": [3.75, 13.25, 3.5, 13], "texture": "#2"},
				"down": {"uv": [13.25, 3.5, 13, 3.75], "texture": "#2"}
			}
		},
		{
			"from": [5, 24.5, 8.25],
			"to": [5.5, 25, 8.75],
			"faces": {
				"north": {"uv": [4, 13, 4.25, 13.25], "texture": "#2"},
				"east": {"uv": [13, 4, 13.25, 4.25], "texture": "#2"},
				"south": {"uv": [4.5, 13, 4.75, 13.25], "texture": "#2"},
				"west": {"uv": [13, 4.5, 13.25, 4.75], "texture": "#2"},
				"up": {"uv": [5.25, 13.25, 5, 13], "texture": "#2"},
				"down": {"uv": [13.25, 5, 13, 5.25], "texture": "#2"}
			}
		},
		{
			"from": [6.5, 21, 8.25],
			"to": [7, 21.5, 8.75],
			"faces": {
				"north": {"uv": [5.5, 13, 5.75, 13.25], "texture": "#2"},
				"east": {"uv": [13, 5.5, 13.25, 5.75], "texture": "#2"},
				"south": {"uv": [6, 13, 6.25, 13.25], "texture": "#2"},
				"west": {"uv": [13, 6, 13.25, 6.25], "texture": "#2"},
				"up": {"uv": [6.75, 13.25, 6.5, 13], "texture": "#2"},
				"down": {"uv": [13.25, 6.5, 13, 6.75], "texture": "#2"}
			}
		},
		{
			"from": [4.5, 22, 8.25],
			"to": [5, 24.5, 8.75],
			"faces": {
				"north": {"uv": [3.5, 10, 3.75, 11.25], "texture": "#2"},
				"east": {"uv": [8, 10, 8.25, 11.25], "texture": "#2"},
				"south": {"uv": [8.5, 10, 8.75, 11.25], "texture": "#2"},
				"west": {"uv": [9, 10, 9.25, 11.25], "texture": "#2"},
				"up": {"uv": [7.25, 13.25, 7, 13], "texture": "#2"},
				"down": {"uv": [13.25, 7, 13, 7.25], "texture": "#2"}
			}
		},
		{
			"from": [4, 22.5, 8.25],
			"to": [4.5, 23.5, 8.75],
			"faces": {
				"north": {"uv": [11.5, 12, 11.75, 12.5], "texture": "#2"},
				"east": {"uv": [12, 11.5, 12.25, 12], "texture": "#2"},
				"south": {"uv": [12, 12, 12.25, 12.5], "texture": "#2"},
				"west": {"uv": [0, 12.5, 0.25, 13], "texture": "#2"},
				"up": {"uv": [7.75, 13.25, 7.5, 13], "texture": "#2"},
				"down": {"uv": [13.25, 7.5, 13, 7.75], "texture": "#2"}
			}
		},
		{
			"from": [8, 24.5, 8.25],
			"to": [9, 25, 8.75],
			"faces": {
				"north": {"uv": [12.5, 0, 13, 0.25], "texture": "#2"},
				"east": {"uv": [8, 13, 8.25, 13.25], "texture": "#2"},
				"south": {"uv": [0.5, 12.5, 1, 12.75], "texture": "#2"},
				"west": {"uv": [13, 8, 13.25, 8.25], "texture": "#2"},
				"up": {"uv": [13, 0.75, 12.5, 0.5], "texture": "#2"},
				"down": {"uv": [1.5, 12.5, 1, 12.75], "texture": "#2"}
			}
		}
	],
	"gui_light": "front",
	"display": {
		"thirdperson_righthand": {
			"rotation": [0, 90, 0],
			"translation": [0, -2.75, 1.25]
		},
		"thirdperson_lefthand": {
			"rotation": [55, -91, 0],
			"translation": [0.25, -2.25, -1]
		},
		"firstperson_righthand": {
			"rotation": [0, 87, 0],
			"translation": [1.25, -0.5, 0],
			"scale": [0.7, 0.7, 0.7]
		},
		"ground": {
			"rotation": [-90, 0, 0]
		},
		"gui": {
			"rotation": [0, 0, 45],
			"translation": [3.25, -3, 0],
			"scale": [0.7, 0.7, 0.7]
		},
		"fixed": {
			"translation": [0, -6.5, -1.75],
			"scale": [1.5, 1.5, 1.5]
		}
	},
	"groups": [
		0,
		1,
		2,
		3,
		4,
		5,
		{
			"name": "group",
			"origin": [8, 8, 8],
			"color": 0,
			"nbt": "{}",
			"children": [6, 7, 8, 9, 10, 11, 12, 13, 14, 15, 16, 17, 18, 19, 20, 21, 22, 23, 24, 25, 26, 27, 28, 29, 30, 31, 32, 33, 34, 35, 36, 37, 38, 39, 40, 41, 42]
		}
	]
}