{
	"credit": "Made with Blockbench",
	"texture_size": [32, 32],
	"textures": {
		"0": "stick",
		"particle": "stick"
	},
	"elements": [
		{
			"from": [6, -16, 6],
			"to": [9, -6, 9],
			"rotation": {"angle": 0, "axis": "y", "origin": [7, -21, 7]},
			"faces": {
				"north": {"uv": [10.5, 0, 12, 5], "texture": "#0"},
				"east": {"uv": [10.5, 5, 12, 10], "texture": "#0"},
				"south": {"uv": [10.5, 10, 12, 15], "texture": "#0"},
				"west": {"uv": [6, 11, 7.5, 16], "texture": "#0"},
				"up": {"uv": [13.5, 14.5, 12, 13], "texture": "#0"},
				"down": {"uv": [15, 0, 13.5, 1.5], "texture": "#0"}
			}
		},
		{
			"from": [6.5, -6, 6.5],
			"to": [8.5, 14.5, 8.5],
			"rotation": {"angle": 0, "axis": "y", "origin": [7, -7.5, 7]},
			"faces": {
				"north": {"uv": [0, 0, 1.5, 11.5], "texture": "#0"},
				"east": {"uv": [1.5, 0, 3, 11.5], "texture": "#0"},
				"south": {"uv": [3, 0, 4.5, 11.5], "texture": "#0"},
				"west": {"uv": [4.5, 0, 6, 11.5], "texture": "#0"},
				"up": {"uv": [15, 3, 13.5, 1.5], "texture": "#0"},
				"down": {"uv": [15, 3, 13.5, 4.5], "texture": "#0"}
			}
		},
		{
			"from": [3, 14.5, 5],
			"to": [12, 21, 10],
			"rotation": {"angle": 0, "axis": "y", "origin": [7, -6.5, 7]},
			"faces": {
				"north": {"uv": [6, 0, 10.5, 3], "texture": "#0"},
				"east": {"uv": [7.5, 11, 10, 14], "texture": "#0"},
				"south": {"uv": [6, 3, 10.5, 6], "texture": "#0"},
				"west": {"uv": [0, 11.5, 2.5, 14.5], "texture": "#0"},
				"up": {"uv": [10.5, 8.5, 6, 6], "texture": "#0"},
				"down": {"uv": [10.5, 8.5, 6, 11], "texture": "#0"}
			}
		},
		{
			"from": [2.6, 17.7, 3.6],
			"to": [8.6, 21.2, 6.6],
			"rotation": {"angle": -22.5, "axis": "z", "origin": [3.6, 20.2, 4.6]},
			"faces": {
				"north": {"uv": [12, 7, 15, 8.5], "texture": "#0"},
				"east": {"uv": [7.5, 14, 9, 15.5], "texture": "#0"},
				"south": {"uv": [12, 8.5, 15, 10], "texture": "#0"},
				"west": {"uv": [9, 14, 10.5, 15.5], "texture": "#0"},
				"up": {"uv": [15, 11.5, 12, 10], "texture": "#0"},
				"down": {"uv": [15, 11.5, 12, 13], "texture": "#0"}
			}
		},
		{
			"from": [3, 21, 6],
			"to": [6, 27.5, 9],
			"rotation": {"angle": 0, "axis": "y", "origin": [7, 0, 7]},
			"faces": {
				"north": {"uv": [2.5, 11.5, 4, 15], "texture": "#0"},
				"east": {"uv": [4, 11.5, 5.5, 15], "texture": "#0"},
				"south": {"uv": [12, 0, 13.5, 3.5], "texture": "#0"},
				"west": {"uv": [12, 3.5, 13.5, 7], "texture": "#0"},
				"up": {"uv": [15, 6, 13.5, 4.5], "texture": "#0"},
				"down": {"uv": [15, 13, 13.5, 14.5], "texture": "#0"}
			}
		}
	],
	"display": {
		"thirdperson_righthand": {
			"translation": [0.5, 17.25, 1]
		},
		"firstperson_righthand": {
			"rotation": [-16, 6, 10],
			"translation": [6, 2, 0],
			"scale": [0.75, 0.75, 0.75]
		},
		"firstperson_lefthand": {
			"rotation": [-14, 2, 9],
			"translation": [4, 2.5, 0],
			"scale": [0.78, 0.78, 0.78]
		},
		"ground": {
			"translation": [0, 20.5, 0]
		},
		"gui": {
			"rotation": [0, 1, -42],
			"translation": [2.25, 0.5, 0],
			"scale": [0.59, 0.59, 0.59]
		},
		"fixed": {
			"rotation": [0, 0, 41],
			"translation": [-2.5, 4, 0]
		}
	}
}