{
	"credit": "Made with Blockbench",
	"texture_size": [64, 64],
	"textures": {
		"0": "./texture",
		"particle": "./texture"
	},
	"elements": [
		{
			"from": [7, 0, 6],
			"to": [8, 21, 7],
			"rotation": {"angle": 0, "axis": "y", "origin": [7, 0, 6]},
			"faces": {
				"north": {"uv": [0.25, 10.25, 0.5, 15.5], "texture": "#0"},
				"east": {"uv": [0, 10.25, 0.25, 15.5], "texture": "#0"},
				"south": {"uv": [0.75, 10.25, 1, 15.5], "texture": "#0"},
				"west": {"uv": [0.5, 10.25, 0.75, 15.5], "texture": "#0"},
				"up": {"uv": [0.5, 10.25, 0.25, 10], "texture": "#0"},
				"down": {"uv": [0.75, 10, 0.5, 10.25], "texture": "#0"}
			}
		},
		{
			"from": [4, 21, 0],
			"to": [11, 28, 13],
			"rotation": {"angle": 0, "axis": "y", "origin": [6, 7, 6]},
			"faces": {
				"north": {"uv": [3.25, 3.25, 5, 5], "texture": "#0"},
				"east": {"uv": [0, 3.25, 3.25, 5], "texture": "#0"},
				"south": {"uv": [8.25, 3.25, 10, 5], "texture": "#0"},
				"west": {"uv": [5, 3.25, 8.25, 5], "texture": "#0"},
				"up": {"uv": [5, 3.25, 3.25, 0], "texture": "#0"},
				"down": {"uv": [6.75, 0, 5, 3.25], "texture": "#0"}
			}
		},
		{
			"from": [3.5, 20.5, -0.5],
			"to": [11.5, 28.5, 13.5],
			"rotation": {"angle": 0, "axis": "y", "origin": [6, 7, 6]},
			"faces": {
				"north": {"uv": [3.25, 8.25, 5, 10], "texture": "#0"},
				"east": {"uv": [0, 8.25, 3.25, 10], "texture": "#0"},
				"south": {"uv": [8.25, 8.25, 10, 10], "texture": "#0"},
				"west": {"uv": [5, 8.25, 8.25, 10], "texture": "#0"},
				"up": {"uv": [5, 8.25, 3.25, 5], "texture": "#0"},
				"down": {"uv": [6.75, 5, 5, 8.25], "texture": "#0"}
			}
		},
		{
			"from": [3.7, 26.6, 6.1],
			"to": [6.1, 32, 11.5],
			"rotation": {"angle": -45, "axis": "x", "origin": [3.9, 23.8, 13.3]},
			"faces": {
				"north": {"uv": [11.5, 1.25, 12, 2.5], "texture": "#0"},
				"east": {"uv": [10.25, 1.25, 11.5, 2.5], "texture": "#0"},
				"south": {"uv": [13.25, 1.25, 13.75, 2.5], "texture": "#0"},
				"west": {"uv": [12, 1.25, 13.25, 2.5], "texture": "#0"},
				"up": {"uv": [12, 1.25, 11.5, 0], "rotation": 270, "texture": "#0"},
				"down": {"uv": [12.5, 0, 12, 1.25], "rotation": 90, "texture": "#0"}
			}
		},
		{
			"from": [8.9, 26.6, 6.1],
			"to": [11.3, 32, 11.5],
			"rotation": {"angle": -45, "axis": "x", "origin": [11.1, 23.8, 13.3]},
			"faces": {
				"north": {"uv": [12, 1.25, 11.5, 2.5], "texture": "#0"},
				"east": {"uv": [13.25, 1.25, 12, 2.5], "texture": "#0"},
				"south": {"uv": [13.75, 1.25, 13.25, 2.5], "texture": "#0"},
				"west": {"uv": [11.5, 1.25, 10.25, 2.5], "texture": "#0"},
				"up": {"uv": [11.5, 1.25, 12, 0], "rotation": 270, "texture": "#0"},
				"down": {"uv": [12, 0, 12.5, 1.25], "rotation": 90, "texture": "#0"}
			}
		}
	],
	"display": {
		"thirdperson_righthand": {
			"translation": [0.75, -0.25, 2.75],
			"scale": [1.43, 1.43, 1.43]
		},
		"thirdperson_lefthand": {
			"rotation": [155.31, -41, -83],
			"translation": [-10.25, -4.75, 11.5]
		},
		"firstperson_righthand": {
			"rotation": [-21, -2, 5],
			"translation": [9, -4, 0]
		},
		"gui": {
			"rotation": [92, -47.5, 90],
			"translation": [3.25, -4.5, 0],
			"scale": [0.59, 0.59, 0.59]
		},
		"fixed": {
			"rotation": [-90, -45.75, -90],
			"translation": [-5.5, -3.75, 0],
			"scale": [0.7, 0.7, 0.7]
		}
	}
}