{
	"credit": "Made with Blockbench",
	"texture_size": [128, 128],
	"textures": {
		"0": "event_assets:item/posoh",
		"1": "event_assets:item/posoh1",
		"2": "event_assets:item/posoh2",
		"particle": "./Downloads/posoh"
	},
	"elements": [
		{
			"from": [7, -5.2, 5],
			"to": [9, 17.8, 7],
			"rotation": {"angle": 0, "axis": "y", "origin": [8, -5.2, 7]},
			"faces": {
				"north": {"uv": [5.625, 4.25, 5.875, 7.125], "texture": "#0"},
				"east": {"uv": [5.375, 4.25, 5.625, 7.125], "texture": "#0"},
				"south": {"uv": [6.125, 4.25, 6.375, 7.125], "texture": "#0"},
				"west": {"uv": [5.875, 4.25, 6.125, 7.125], "texture": "#0"},
				"up": {"uv": [5.875, 4.25, 5.625, 4], "texture": "#0"},
				"down": {"uv": [6.125, 4, 5.875, 4.25], "texture": "#0"}
			}
		},
		{
			"from": [5, 21.4, 10.8],
			"to": [11, 26.4, 16.8],
			"rotation": {"angle": -45, "axis": "x", "origin": [7, 9.4, 16.8]},
			"faces": {
				"north": {"uv": [0.75, 0.75, 1.5, 1.375], "texture": "#0"},
				"east": {"uv": [0, 0.75, 0.75, 1.375], "texture": "#0"},
				"south": {"uv": [2.25, 0.75, 3, 1.375], "texture": "#0"},
				"west": {"uv": [1.5, 0.75, 2.25, 1.375], "texture": "#0"},
				"up": {"uv": [1.5, 0.75, 0.75, 0], "texture": "#0"},
				"down": {"uv": [2.25, 0, 1.5, 0.75], "texture": "#0"}
			}
		},
		{
			"from": [0, 16.3, 4.1],
			"to": [6, 26.3, 4.1],
			"rotation": {"angle": 0, "axis": "y", "origin": [4, 4.3, 10.1]},
			"faces": {
				"north": {"uv": [8.04167, 2.66667, 0, 16], "texture": "#1"},
				"east": {"uv": [0.75, 0.25, 0.75, 1.5], "texture": "#1"},
				"south": {"uv": [16, 2.66667, 8.05, 16], "texture": "#1"},
				"west": {"uv": [0, 0.25, 0, 1.5], "texture": "#1"},
				"up": {"uv": [0, 0.25, 0.75, 0.25], "texture": "#1"},
				"down": {"uv": [0.75, 0.25, 1.5, 0.25], "texture": "#1"}
			}
		},
		{
			"from": [6, 16.5, 7.9],
			"to": [10, 19.5, 12.9],
			"rotation": {"angle": -45, "axis": "x", "origin": [7, 4.5, 11.9]},
			"faces": {
				"north": {"uv": [1.625, 2, 2.125, 2.375], "texture": "#0"},
				"east": {"uv": [1, 2, 1.625, 2.375], "texture": "#0"},
				"south": {"uv": [2.75, 2, 3.25, 2.375], "texture": "#0"},
				"west": {"uv": [2.125, 2, 2.75, 2.375], "texture": "#0"},
				"up": {"uv": [2.125, 2, 1.625, 1.375], "texture": "#0"},
				"down": {"uv": [2.625, 1.375, 2.125, 2], "texture": "#0"}
			}
		},
		{
			"from": [8.6, 20.09, 6.4],
			"to": [10.6, 23.09, 8.4],
			"rotation": {"angle": -45, "axis": "y", "origin": [9.6, 8.1, 12.4]},
			"faces": {
				"north": {"uv": [4.875, 3.875, 4.625, 4.25], "texture": "#0"},
				"east": {"uv": [5.125, 3.875, 4.875, 4.25], "texture": "#0"},
				"south": {"uv": [5.375, 3.875, 5.125, 4.25], "texture": "#0"},
				"west": {"uv": [4.625, 3.875, 4.375, 4.25], "texture": "#0"},
				"up": {"uv": [4.625, 3.875, 4.875, 3.625], "texture": "#0"},
				"down": {"uv": [4.875, 3.625, 5.125, 3.875], "texture": "#0"}
			}
		},
		{
			"from": [4.6, 18.1, 6.4],
			"to": [10.6, 20.1, 8.4],
			"rotation": {"angle": -45, "axis": "y", "origin": [9.6, 6.1, 12.4]},
			"faces": {
				"north": {"uv": [1.5, 4.625, 0.75, 4.875], "texture": "#0"},
				"east": {"uv": [1.75, 4.625, 1.5, 4.875], "texture": "#0"},
				"south": {"uv": [2.5, 4.625, 1.75, 4.875], "texture": "#0"},
				"west": {"uv": [0.75, 4.625, 0.5, 4.875], "texture": "#0"},
				"up": {"uv": [0.75, 4.625, 1.5, 4.375], "texture": "#0"},
				"down": {"uv": [1.5, 4.375, 2.25, 4.625], "texture": "#0"}
			}
		},
		{
			"from": [6.9, 12.5, 5.9],
			"to": [9.9, 15.5, 6.9],
			"rotation": {"angle": -45, "axis": "y", "origin": [8.9, 1.5, 11.9]},
			"faces": {
				"north": {"uv": [4.25, 4.625, 3.875, 5], "texture": "#0"},
				"east": {"uv": [4.375, 4.625, 4.25, 5], "texture": "#0"},
				"south": {"uv": [4.75, 4.625, 4.375, 5], "texture": "#0"},
				"west": {"uv": [3.875, 4.625, 3.75, 5], "texture": "#0"},
				"up": {"uv": [3.875, 4.625, 4.25, 4.5], "texture": "#0"},
				"down": {"uv": [4.25, 4.5, 4.625, 4.625], "texture": "#0"}
			}
		},
		{
			"from": [11.9, 15.5, 7.7],
			"to": [12.9, 18.5, 7.7],
			"rotation": {"angle": 0, "axis": "y", "origin": [13.9, 4.5, 12.7]},
			"faces": {
				"north": {"uv": [0.125, 0, 0, 0.375], "texture": "#0"},
				"east": {"uv": [0.125, 0, 0.125, 0.375], "texture": "#0"},
				"south": {"uv": [0.25, 0, 0.125, 0.375], "texture": "#0"},
				"west": {"uv": [0, 0, 0, 0.375], "texture": "#0"},
				"up": {"uv": [0, 0, 0.125, 0], "texture": "#0"},
				"down": {"uv": [0.125, 0, 0.25, 0], "texture": "#0"}
			}
		},
		{
			"from": [6.75, -0.45, 4.75],
			"to": [9.25, 9.05, 7.25],
			"rotation": {"angle": 0, "axis": "y", "origin": [8, 0.8, 6]},
			"faces": {
				"north": {"uv": [3, 2.75, 2.75, 3.875], "texture": "#0"},
				"east": {"uv": [3.25, 2.75, 3, 3.875], "texture": "#0"},
				"south": {"uv": [3.5, 2.75, 3.25, 3.875], "texture": "#0"},
				"west": {"uv": [2.75, 2.75, 2.5, 3.875], "texture": "#0"},
				"up": {"uv": [2.75, 2.75, 3, 2.5], "texture": "#0"},
				"down": {"uv": [3, 2.5, 3.25, 2.75], "texture": "#0"}
			}
		},
		{
			"from": [4.97, 14.73, 2.9],
			"to": [4.97, 16.73, 5.9],
			"rotation": {"angle": -45, "axis": "x", "origin": [2.97, 15.76, 1.9]},
			"faces": {
				"north": {"uv": [0, 0, 0, 2], "texture": "#2"},
				"east": {"uv": [0, 0, 3, 2], "texture": "#2"},
				"south": {"uv": [0, 0, 0, 2], "texture": "#2"},
				"west": {"uv": [0, 0, 3, 2], "texture": "#2"},
				"up": {"uv": [0, 0, 0, 3], "texture": "#2"},
				"down": {"uv": [0, 0, 0, 3], "texture": "#2"}
			}
		},
		{
			"from": [11.03, 14.73, 2.9],
			"to": [11.03, 16.73, 5.9],
			"rotation": {"angle": -45, "axis": "x", "origin": [13.03, 15.76, 1.9]},
			"faces": {
				"north": {"uv": [0, 0, 0, 2], "texture": "#2"},
				"east": {"uv": [3, 0, 0, 2], "texture": "#2"},
				"south": {"uv": [0, 0, 0, 2], "texture": "#2"},
				"west": {"uv": [3, 0, 0, 2], "texture": "#2"},
				"up": {"uv": [0, 0, 0, 3], "texture": "#2"},
				"down": {"uv": [0, 0, 0, 3], "texture": "#2"}
			}
		},
		{
			"from": [10, 16.3, 4.1],
			"to": [16, 26.3, 4.1],
			"rotation": {"angle": 0, "axis": "y", "origin": [12, 4.3, 10.1]},
			"faces": {
				"north": {"uv": [0, 2.66667, 8.04167, 16], "texture": "#1"},
				"east": {"uv": [0, 0.25, 0, 1.5], "texture": "#1"},
				"south": {"uv": [8.05, 2.66667, 16, 16], "texture": "#1"},
				"west": {"uv": [0.75, 0.25, 0.75, 1.5], "texture": "#1"},
				"up": {"uv": [0.75, 0.25, 0, 0.25], "texture": "#1"},
				"down": {"uv": [1.5, 0.25, 0.75, 0.25], "texture": "#1"}
			}
		},
		{
			"from": [5.4, 18.1, 6.4],
			"to": [11.4, 20.1, 8.4],
			"rotation": {"angle": 45, "axis": "y", "origin": [6.4, 6.1, 12.4]},
			"faces": {
				"north": {"uv": [0.75, 4.625, 1.5, 4.875], "texture": "#0"},
				"east": {"uv": [0.5, 4.625, 0.75, 4.875], "texture": "#0"},
				"south": {"uv": [1.75, 4.625, 2.5, 4.875], "texture": "#0"},
				"west": {"uv": [1.5, 4.625, 1.75, 4.875], "texture": "#0"},
				"up": {"uv": [1.5, 4.625, 0.75, 4.375], "texture": "#0"},
				"down": {"uv": [2.25, 4.375, 1.5, 4.625], "texture": "#0"}
			}
		},
		{
			"from": [5.4, 20.09, 6.4],
			"to": [7.4, 23.09, 8.4],
			"rotation": {"angle": 45, "axis": "y", "origin": [6.4, 8.1, 12.4]},
			"faces": {
				"north": {"uv": [4.625, 3.875, 4.875, 4.25], "texture": "#0"},
				"east": {"uv": [4.375, 3.875, 4.625, 4.25], "texture": "#0"},
				"south": {"uv": [5.125, 3.875, 5.375, 4.25], "texture": "#0"},
				"west": {"uv": [4.875, 3.875, 5.125, 4.25], "texture": "#0"},
				"up": {"uv": [4.875, 3.875, 4.625, 3.625], "texture": "#0"},
				"down": {"uv": [5.125, 3.625, 4.875, 3.875], "texture": "#0"}
			}
		}
	],
	"display": {
		"thirdperson_righthand": {
			"rotation": [0.25, -11.8, 0.56],
			"translation": [-0.5, 0, 2.75]
		},
		"thirdperson_lefthand": {
			"rotation": [0, -7, 0],
			"translation": [0, 0, 2.5]
		},
		"firstperson_righthand": {
			"rotation": [-5, -12, 6],
			"translation": [8.25, -1.25, -2]
		},
		"firstperson_lefthand": {
			"rotation": [-10, -15, 4],
			"translation": [6, -1.25, -1.25]
		},
		"ground": {
			"rotation": [90, 0, 0],
			"translation": [0, -1.5, -0.25]
		},
		"gui": {
			"rotation": [-14, 140, 31],
			"translation": [0.5, -1.5, 0],
			"scale": [0.65, 0.65, 0.65]
		},
		"head": {
			"translation": [0, 0, -1.75]
		}
	}
}